
{
    "eevee": {
        "colors": {
            "body": [0.76647, 0.56431, 0.29020, 1.0],
            "head": [0.77647, 0.58431, 0.29020, 1.0],
            "cloud": [0.96078, 0.94902, 0.66275, 1.0],
            "lower_eye": [0.38039, 0.23137, 0.0, 1.0],
            "white_dot": [1.0, 1.0, 1.0, 1.0],
            "pupil": [0.0, 0.0, 0.0, 1.0],
            "tail": [0.72843, 0.52627, 0.29412, 1.0],
            "leg": [0.70843, 0.50627, 0.29412, 1.0],
            "mouth": [0.74118, 0.30980, 0.33333, 1.0],
            "ear": [0.67843, 0.48627, 0.29412, 1.0],
            "inner_ear": [0.36863, 0.24314, 0.07843, 1.0],
            "nose": [0.0, 0.0, 0.0, 1.0]
        },
        "x_angle": 0,
        "y_angle": 0,
        "z_angle": 0,
        "scale": 1.0
    },
    "roblox": {
        "colors": {
            "chest": [0.12941, 0.44314, 0.67451, 1.0],
            "head": [1.0, 1.0, 0.0, 1.0],
            "left_leg": [0.56863, 0.65490, 0.25882, 1.0],
            "right_leg": [0.58569, 0.67235, 0.27059, 1.0],
            "arm": [1.0, 1.0, 0.0, 1.0],
            "eye": [0.0, 0.0, 0.0, 1.0]
        },
        "x_angle": 0,
        "y_angle": 0,
        "z_angle": 0,
        "scale": 1.0,
        "position": [0.0, 0.0, 0.0]
    },
    "pokeball": {
        "colors": {

        }
    },
    "diglett": {
        "colors": {
            "body": [0.56078, 0.31373, 0.07451, 1.0],
            "head": [0.56078, 0.31373, 0.07451, 1.0],
            "nose": [0.76863, 0.43922, 0.75294, 1.0],
            "eye": [0.0, 0.0, 0.0, 1.0],
            "ground": [0.52157, 0.52157, 0.52157, 1.0],
            "shadow": [0.30980, 0.30980, 0.30980, 1.0]
        },
        "angles": [0, 0, 0],
        "scale": 1.0,
        "position": [0.0, 0.0, 0.0]
    }
}