
{
    "eevee": {
        "colors": {
            "body": [0.76647, 0.56431, 0.29020, 1.0],
            "head": [0.77647, 0.58431, 0.29020, 1.0],
            "cloud": [0.96078, 0.94902, 0.66275, 1.0],
            "lower_eye": [0.38039, 0.23137, 0.0, 1.0],
            "white_dot": [1.0, 1.0, 1.0, 1.0],
            "pupil": [0.0, 0.0, 0.0, 1.0],
            "tail": [0.72843, 0.52627, 0.29412, 1.0],
            "leg": [0.70843, 0.50627, 0.29412, 1.0],
            "mouth": [0.74118, 0.30980, 0.33333, 1.0],
            "ear": [0.67843, 0.48627, 0.29412, 1.0],
            "inner_ear": [0.36863, 0.24314, 0.07843, 1.0],
            "nose": [0.0, 0.0, 0.0, 1.0]
        },
        "angles": [0, 0, 0],
        "x_angle": 0,
        "y_angle": 28,
        "z_angle": 0,
        "scale": 0.5,
        "position": [0, 0, 0]
    },
    "roblox": {
        "colors": {
            "chest": [0.12941, 0.44314, 0.67451, 1.0],
            "head": [1.0, 1.0, 0.0, 1.0],
            "left_leg": [0.56863, 0.65490, 0.25882, 1.0],
            "right_leg": [0.58569, 0.67235, 0.27059, 1.0],
            "arm": [1.0, 1.0, 0.0, 1.0],
            "eye": [0.0, 0.0, 0.0, 1.0]
        },
        "x_angle": 0,
        "y_angle": -20,
        "z_angle": 0,
        "scale": 0.8,
        "position": [-0.65, -0.35, 0.25]
    },
    "pokeball": {
        "colors": {
            "normal": {
                "upBall": [1.0, 0.0, 0.0, 1.0],
                "downBall": [1.0, 1.0, 1.0, 1.0],
                "ring": [0.0, 0.0, 0.0, 1.0],
                "outerDisk": [0.0, 0.0, 0.0, 1.0],
                "innerdisk": [1.0, 1.0, 1.0, 1.0]
            },
            "light": {
                "upBall": [1.0, 1.0, 1.0, 1.0],
                "downBall": [1.0, 1.0, 1.0, 1.0],
                "ring": [1.0, 0.0, 0.0, 1.0],
                "outerDisk": [1.0, 0.0, 0.0, 1.0],
                "innerdisk": [1.0, 1.0, 1.0, 1.0]
            },
            "green": {
                "upBall": [0.14902, 0.82745, 0.70196, 1.0],
                "downBall": [0.38431, 0.82745, 0.70196, 1.0],
                "ring": [0.07059, 0.47059, 0.47843, 1.0],
                "outerDisk": [0.07059, 0.47059, 0.47843, 1.0],
                "innerdisk": [1.0, 1.0, 1.0, 1.0]
            },
            "alguma_coisa_ai": {
                "upBall": [0.38431, 0.82745, 0.70196, 1.0],
                "downBall": [0.38431, 0.82745, 0.70196, 1.0],
                "ring": [0.07059, 0.47059, 0.47843, 1.0],
                "outerDisk": [0.07059, 0.47059, 0.47843, 1.0],
                "innerdisk": [1.0, 1.0, 1.0, 1.0]
            }
        },
        "angle": 0,
        "angles": [20, 0, 0],
        "position": [0, 0, 0],
        "scale": 0.1,
        "open": false,
        "base_rotation": 8.59
    },
    "healer": {
        "angle": 0.15,
        "angles": [-15, 15, 0],
        "position": [0.0, 0.0, 0.0],
        "scale": 0.2,
        "pokeball_positions": [],
        "colors": {
            "upper_base": [
                [0.9, 0.9, 0.9, 1.0],
                [0.8, 0.8, 0.8, 1.0],
                [0.9, 0.9, 0.9, 1.0],
                [1.0, 0.85, 0.9, 1.0],
                [1.0, 1.0, 1.0, 1.0],
                [1.0, 1.0, 1.0, 1.0]
            ],
            "middle_base": [
                [0.9, 0.2, 0.2, 1.0],
                [0.7, 0.1, 0.1, 1.0],
                [0.9, 0.2, 0.2, 1.0],
                [0.8, 0.15, 0.15, 1.0],
                [1.0, 1.0, 1.0, 1.0],
                [1.0, 1.0, 1.0, 1.0]
            ],
            "lower_base": [
                [0.9, 0.9, 0.9, 1.0],
                [0.8, 0.8, 0.8, 1.0],
                [0.9, 0.9, 0.9, 1.0],
                [1.0, 0.85, 0.9, 1.0],
                [1.0, 1.0, 1.0, 1.0],
                [1.0, 1.0, 1.0, 1.0]
            ],
            "top_plate": [
                [0.25, 0.45, 0.95, 1.0],
                [0.2, 0.4, 0.9, 1.0],
                [0.25, 0.45, 0.95, 1.0],
                [0.3, 0.5, 1.0, 1.0],
                [0.3, 0.5, 1.0, 1.0],
                [0.3, 0.5, 1.0, 1.0]
            ],
            "pokeball_shadow": [0.05, 0.1, 0.5, 1.0]
        }
    },
    "scenario": {
        "x_angle": 35,
        "y_angle": 0,
        "z_angle": 0,
        "position": [0.0, -1.1, 1.8],
        "ground": {
            "scale": [1.8, 0.5, 1.2],
            "color": [0.32, 0.6, 0.32, 1.0]
        }
    },

    "diglett": {
        "colors": {
            "body": [0.56078, 0.31373, 0.07451, 1.0],
            "head": [0.56078, 0.31373, 0.07451, 1.0],
            "nose": [0.76863, 0.43922, 0.75294, 1.0],
            "eye": [0.0, 0.0, 0.0, 1.0],
            "ground": [0.32, 0.6, 0.32, 1.0],
            "shadow": [0.30980, 0.30980, 0.30980, 1.0]
        },
        "angles": [0, 0, 0],
        "scale": 1.0,
        "position": [0.0, 0.0, 0.0]
    }
}
